ID,gender,marital status,number of children,purpose,age,annual income
1001,M,married without children,0,Personal,34,530000
1002,M,Married with children,4,Personal,50,720000
1003,M,Married with children,4,Personal,40,580000
1004,M,Single,0,Personal,30,410000
1005,M,Married with children,4,Investment,64,620000
1006,M,Married with children,2,Personal,63,590000
1007,F,Married with children,4,Personal,61,380000
1008,F,Married with children,2,Investment,61,550000
1009,F,Married with children,4,Personal,61,1010000
1010,M,Married with children,2,Personal,43,670000
1011,M,Married with children,2,Personal,40,530000
1012,M,Single,0,Investment,37,480000
1013,M,Married with children,4,Investment,57,740000
1014,M,Married with children,3,Personal,50,530000
1015,M,Married with children,4,Personal,50,900000
1016,F,Married with children,4,Personal,53,350000
1017,M,Married with children,4,Personal,57,480000
1018,M,Married with children,2,Personal,58,590000
1019,M,Married with children,2,Investment,43,320000
1020,M,Married with children,2,Personal,59,480000
1021,M,Married with children,4,Personal,56,420000
1022,M,Married with children,3,Personal,40,370000
1023,F,Married with children,2,Investment,41,510000
1024,M,Married with children,4,Investment,62,640000
1025,M,Married with children,4,Investment,40,430000
1026,M,Married with children,2,Investment,55,530000
1027,F,Married with children,4,Personal,49,430000
1028,F,Married with children,2,Personal,45,540000
1029,M,Married with children,3,Investment,56,550000
1030,M,Single,0,Personal,31,430000
1031,F,Married with children,2,Personal,49,450000
1032,M,Married with children,2,Investment,49,520000
1033,F,Married with children,4,Personal,49,350000
1034,M,Single,0,Investment,34,600000
1035,M,Married with children,4,Personal,50,940000
1036,M,Married with children,3,Personal,43,410000
1037,M,Single,0,Personal,31,700000
1038,M,married without children,0,Investment,41,300000
1039,M,Married with children,2,Investment,63,500000
1040,M,Single,0,Investment,36,490000
1041,M,Single,0,Personal,30,580000
1042,F,Married with children,2,Personal,55,800000
1043,M,Married with children,2,Personal,40,1170000
1044,M,Single,0,Personal,37,760000
1045,M,Single,0,Personal,30,610000
1046,M,Single,0,Personal,30,580000
1047,M,Married with children,2,Personal,60,810000
1048,M,Married with children,4,Personal,46,860000
1049,M,Married with children,2,Investment,43,410000
1050,F,Married with children,3,Personal,55,460000
1051,M,Single,0,Personal,35,560000
1052,M,Married with children,2,Investment,53,930000
1053,M,Married with children,2,Investment,65,520000
1054,M,Married with children,4,Personal,51,920000
1055,M,Married with children,3,Investment,52,410000
1056,M,Married with children,2,Personal,65,550000
1057,M,Married with children,3,Personal,62,610000
1058,M,Single,0,Personal,39,530000
1059,M,Married with children,4,Personal,43,420000
1060,F,Married with children,3,Investment,50,700000
1061,M,Married with children,4,Personal,61,950000
1062,M,married without children,0,Personal,33,660000
1063,M,Married with children,3,Personal,50,400000
1064,M,Single,0,Personal,32,510000
1065,M,Single,0,Personal,31,320000
1066,M,Married with children,3,Personal,52,780000
1067,M,Married with children,2,Personal,43,530000
1068,M,Married with children,3,Investment,55,450000
1069,M,Married with children,4,Personal,46,510000
1070,M,Single,0,Investment,35,420000
1071,M,Married with children,2,Personal,46,510000
1072,M,Married with children,2,Personal,55,550000
1073,F,Married with children,4,Investment,53,790000
1074,M,Married with children,4,Personal,45,570000
1075,M,Married with children,4,Personal,59,370000
1076,M,Single,0,Personal,32,760000
1077,M,Married with children,3,Investment,49,520000
1078,M,Single,0,Investment,30,330000
1079,M,Married with children,4,Personal,54,770000
1080,M,Married with children,3,Personal,65,300000
1081,M,Single,0,Personal,31,380000
1082,M,Single,0,Personal,35,380000
1083,M,Married with children,2,Investment,65,580000
1084,M,Married with children,2,Personal,50,500000
1085,M,Married with children,3,Investment,50,1020000
1086,M,Single,0,Personal,30,750000
1087,M,Married with children,4,Investment,51,610000
1088,M,Married with children,4,Personal,63,580000
1089,M,Married with children,2,Investment,48,530000
1090,M,Married with children,2,Personal,49,560000
1091,F,Married with children,2,Personal,44,820000
1092,M,Married with children,2,Personal,52,860000
1093,F,Married with children,2,Investment,44,380000
1094,M,Single,0,Personal,37,560000
1095,M,Married with children,4,Personal,43,600000
1096,M,Married with children,2,Personal,62,770000
1097,M,Married with children,2,Personal,51,630000
1098,M,Married with children,4,Investment,62,620000
1099,M,Married with children,3,Personal,59,540000
1100,M,Married with children,3,Personal,64,630000
1101,M,Married with children,3,Investment,44,380000
1102,M,Married with children,3,Personal,55,450000
1103,F,Married with children,2,Investment,54,800000
1104,F,Married with children,4,Investment,65,580000
1105,M,Married with children,3,Investment,41,570000
1106,F,Married with children,2,Personal,44,640000
1107,M,married without children,0,Investment,31,500000
1108,F,Married with children,2,Personal,57,560000
1109,F,Married with children,3,Investment,57,390000
1110,M,Single,0,Investment,38,420000
1111,M,Married with children,3,Investment,44,870000
1112,M,Single,0,Investment,30,610000
1113,M,Married with children,2,Personal,49,980000
1114,M,Single,0,Investment,37,700000
1115,M,Married with children,4,Investment,55,610000
1116,M,Married with children,2,Investment,60,530000
1117,M,Married with children,2,Personal,49,900000
1118,M,Married with children,3,Personal,41,410000
1119,F,Married with children,3,Personal,47,620000
1120,M,Married with children,2,Personal,52,820000
1121,M,Married with children,4,Personal,64,510000
1122,F,Married with children,4,Personal,51,980000
1123,M,Married with children,4,Personal,63,1110000
1124,F,Married with children,2,Investment,50,500000
1125,M,Single,0,Investment,33,500000
1126,M,Married with children,3,Personal,48,400000
1127,M,Married with children,3,Investment,49,520000
1128,M,Married with children,2,Investment,46,620000
1129,M,Married with children,4,Investment,48,510000
1130,M,Married with children,2,Personal,61,350000
1131,M,Married with children,3,Investment,62,850000
1132,M,Married with children,4,Personal,55,540000
1133,M,Married with children,3,Investment,47,670000
1134,F,Married with children,4,Personal,54,840000
1135,M,Married with children,3,Personal,52,440000
1136,M,Single,0,Personal,33,700000
1137,M,Married with children,3,Personal,56,560000
1138,M,Married with children,2,Investment,63,550000
1139,M,Married with children,4,Personal,61,680000
1140,M,Married with children,4,Investment,58,630000
1141,M,Married with children,2,Personal,47,470000
1142,M,Married with children,3,Investment,53,590000
1143,M,Married with children,3,Personal,47,540000
1144,F,Married with children,2,Personal,59,460000
1145,M,Married with children,3,Personal,42,1000000
1146,M,Single,0,Investment,32,330000
1147,F,Married with children,4,Personal,41,610000
1148,M,Single,0,Personal,34,300000
1149,F,Married with children,4,Personal,58,450000
1150,M,Married with children,2,Personal,54,700000
1151,M,Married with children,4,Personal,46,630000
1152,M,Single,0,Personal,31,560000
1153,M,Married with children,2,Personal,57,560000
1154,M,married without children,0,Investment,30,680000
1155,M,Married with children,3,Personal,56,400000
1156,M,Married with children,4,Investment,46,760000
1157,M,Married with children,2,Investment,41,580000
1158,M,Married with children,3,Personal,40,680000
1159,M,Single,0,Personal,33,920000
1160,M,Married with children,3,Investment,53,400000
1161,M,Single,0,Personal,32,490000
1162,M,Married with children,2,Personal,48,560000
1163,M,Single,0,Personal,38,350000
1164,M,Single,0,Personal,37,810000
1165,M,Married with children,3,Personal,45,560000
1166,M,Married with children,3,Investment,58,430000
1167,M,Married with children,3,Personal,51,620000
1168,M,Married with children,3,Investment,55,530000
1169,M,Married with children,4,Personal,56,700000
1170,M,married without children,0,Personal,41,500000
1171,M,Married with children,4,Personal,62,670000
1172,M,Single,0,Personal,38,710000
1173,M,Single,0,Personal,39,530000
1174,F,Married with children,2,Personal,62,380000
1175,M,Single,0,Investment,32,290000
1176,M,Married with children,3,Investment,54,720000
1177,M,Single,0,Personal,34,570000
1178,F,Married with children,2,Personal,41,480000
1179,M,Single,0,Personal,32,540000
1180,M,Single,0,Personal,32,360000
1181,F,Married with children,2,Investment,56,500000
1182,M,Married with children,4,Investment,54,390000
1183,M,Single,0,Personal,36,850000
1184,F,Married with children,3,Investment,54,580000
1185,M,Married with children,4,Personal,60,520000
1186,M,Married with children,3,Investment,65,600000
1187,M,Married with children,4,Personal,65,600000
1188,M,Married with children,4,Personal,41,280000
1189,M,Married with children,3,Personal,63,560000
1190,M,Married with children,3,Personal,62,590000
1191,F,Married with children,3,Personal,45,660000
1192,M,married without children,0,Investment,38,540000
1193,M,Married with children,4,Investment,63,620000
1194,M,Married with children,4,Personal,53,360000
1195,M,Single,0,Personal,38,330000
1196,M,Married with children,2,Personal,53,790000
1197,M,Married with children,4,Personal,59,1050000
1198,M,Single,0,Personal,36,840000
1199,M,Married with children,3,Personal,40,540000
1200,M,Married with children,3,Personal,55,1100000
1201,M,Married with children,2,Personal,46,460000
1202,M,Single,0,Personal,30,520000
1203,M,Single,0,Investment,32,540000
1204,M,Married with children,3,Investment,50,880000
1205,M,Married with children,4,Personal,41,560000
1206,M,Married with children,4,Personal,65,690000
1207,M,Married with children,3,Personal,47,600000
1208,M,Married with children,2,Personal,56,590000
1209,M,Married with children,3,Personal,49,580000
1210,M,Married with children,3,Personal,40,350000
1211,M,Married with children,3,Personal,55,310000
1212,M,Married with children,3,Personal,45,580000
1213,F,Married with children,3,Personal,56,1070000
1214,M,Married with children,3,Personal,43,370000
1215,M,Single,0,Personal,39,490000
1216,M,Married with children,2,Investment,40,510000
1217,M,Married with children,4,Investment,41,640000
1218,M,Single,0,Personal,30,740000
1219,F,Married with children,3,Investment,63,410000
1220,M,Married with children,3,Investment,56,770000
1221,M,Married with children,3,Personal,54,550000
1222,M,Married with children,4,Personal,41,390000
1223,M,Married with children,3,Personal,65,300000
1224,M,Married with children,3,Investment,46,900000
1225,M,Married with children,2,Investment,50,440000
1226,F,Married with children,3,Personal,43,460000
1227,M,Married with children,2,Personal,58,750000
1228,F,Married with children,4,Personal,51,520000
1229,M,Married with children,4,Personal,41,1060000
1230,M,Married with children,2,Personal,56,520000
1231,M,Married with children,4,Personal,50,610000
1232,M,Single,0,Personal,39,550000
1233,M,married without children,0,Investment,40,420000
1234,M,Single,0,Investment,39,710000
1235,M,Married with children,2,Personal,43,610000
1236,F,Married with children,3,Investment,65,540000
1237,F,Married with children,3,Investment,45,620000
1238,M,Married with children,3,Personal,65,850000
1239,M,Married with children,4,Investment,45,470000
1240,M,Married with children,3,Personal,46,450000
1241,M,Married with children,3,Personal,45,960000
1242,M,Married with children,2,Personal,63,380000
1243,M,Married with children,3,Personal,57,300000
1244,M,Married with children,2,Personal,56,730000
1245,M,Single,0,Investment,34,920000
1246,M,Married with children,2,Personal,60,390000
1247,M,Married with children,4,Personal,64,610000
1248,M,Single,0,Investment,31,350000
1249,M,Married with children,3,Personal,60,370000
1250,M,Married with children,4,Investment,52,320000
1251,M,Married with children,3,Investment,64,600000
1252,M,Married with children,2,Personal,57,300000
1253,M,Married with children,3,Personal,40,380000
1254,M,Married with children,2,Personal,61,550000
1255,M,Married with children,3,Personal,62,550000
1256,M,Single,0,Personal,31,950000
1257,F,Married with children,4,Personal,47,620000
1258,F,Married with children,4,Personal,64,370000
1259,M,Single,0,Investment,38,390000
1260,M,Married with children,3,Investment,40,770000
1261,M,Single,0,Investment,32,360000
1262,M,Married with children,3,Personal,43,770000
1263,M,Married with children,3,Personal,59,590000
1264,F,Married with children,3,Personal,56,740000
1265,M,Single,0,Personal,34,570000
1266,F,Married with children,2,Personal,55,410000
1267,M,Married with children,4,Personal,52,550000
1268,M,Married with children,4,Personal,41,500000
1269,M,Married with children,4,Personal,44,660000
1270,M,Married with children,4,Personal,40,310000
1271,M,Married with children,3,Personal,52,990000
1272,F,Married with children,3,Personal,58,790000
1273,M,Single,0,Investment,36,760000
1274,M,Married with children,3,Personal,46,800000
1275,M,Married with children,3,Personal,64,680000
1276,F,Married with children,4,Personal,56,840000
1277,M,Married with children,4,Personal,47,440000
1278,M,Married with children,4,Investment,49,490000
1279,M,Single,0,Personal,35,500000
1280,M,Single,0,Investment,35,730000
1281,M,Married with children,2,Personal,49,1020000
1282,M,Married with children,2,Personal,63,1020000
1283,M,Married with children,3,Personal,55,900000
1284,M,Married with children,3,Investment,60,870000
1285,M,Married with children,4,Investment,46,1040000
1286,M,Single,0,Personal,33,580000
1287,M,Married with children,4,Investment,62,530000
1288,M,Married with children,3,Investment,56,690000
1289,F,Married with children,2,Investment,41,560000
1290,M,Single,0,Personal,30,610000
1291,M,Married with children,3,Investment,50,620000
1292,M,Married with children,4,Personal,53,390000
1293,M,Married with children,4,Investment,61,710000
1294,M,Married with children,2,Personal,44,660000
1295,M,Single,0,Personal,34,270000
1296,M,Married with children,4,Personal,57,550000
1297,M,Single,0,Investment,39,270000
1298,M,married without children,0,Investment,40,1000000
1299,M,Single,0,Personal,39,300000
1300,M,Married with children,4,Personal,56,420000
1301,M,Married with children,2,Personal,40,280000
1302,M,Married with children,2,Personal,57,430000
1303,M,Single,0,Personal,37,740000
1304,M,Single,0,Personal,34,350000
1305,M,Married with children,4,Personal,54,400000
1306,M,Married with children,3,Investment,52,670000
1307,M,Married with children,3,Investment,43,430000
1308,M,Married with children,3,Personal,50,530000
1309,M,Single,0,Investment,35,280000
1310,M,Married with children,3,Personal,64,710000
1311,M,Married with children,3,Personal,55,370000
1312,M,Married with children,2,Personal,54,590000
1313,M,Married with children,3,Personal,64,720000
1314,F,Married with children,4,Investment,44,550000
1315,M,Married with children,2,Personal,52,620000
1316,M,Married with children,2,Personal,55,400000
1317,M,Married with children,4,Personal,56,690000
1318,M,Married with children,3,Investment,60,360000
1319,M,Married with children,3,Personal,43,550000
1320,M,Single,0,Personal,31,620000
1321,M,Married with children,4,Investment,43,530000
1322,F,Married with children,2,Investment,41,550000
1323,M,Single,0,Personal,35,600000
1324,M,Married with children,4,Personal,52,370000
1325,M,Single,0,Investment,36,550000
1326,M,Married with children,4,Personal,63,400000
1327,F,Married with children,3,Personal,56,740000
1328,M,Married with children,3,Personal,63,480000
1329,F,Married with children,4,Investment,60,420000
1330,M,Married with children,3,Personal,59,550000
1331,M,Single,0,Investment,39,480000
1332,F,Married with children,2,Personal,60,370000
1333,F,Married with children,2,Personal,41,330000
1334,M,Married with children,4,Personal,45,740000
1335,M,Married with children,3,Personal,41,1000000
1336,F,Married with children,4,Personal,43,450000
1337,M,Married with children,2,Investment,47,570000
1338,M,Married with children,4,Personal,65,820000
1339,M,Married with children,3,Personal,65,370000
1340,M,Single,0,Personal,37,640000
1341,M,Single,0,Personal,34,430000
1342,M,Married with children,2,Personal,55,600000
1343,F,Married with children,4,Investment,51,640000
1344,M,Married with children,3,Investment,40,390000
1345,F,Married with children,2,Personal,51,450000
1346,M,Married with children,2,Investment,58,580000
1347,M,Married with children,2,Investment,64,310000
1348,M,Married with children,2,Investment,50,680000
1349,M,Married with children,4,Investment,56,1060000
1350,M,Married with children,3,Personal,40,600000
1351,M,Single,0,Personal,36,580000
1352,M,Married with children,2,Investment,52,550000
1353,M,Single,0,Investment,33,560000
1354,M,Single,0,Personal,36,550000
1355,M,Married with children,3,Personal,65,440000
1356,F,Married with children,3,Personal,52,980000
1357,M,Married with children,4,Investment,41,520000
1358,M,Married with children,3,Personal,44,940000
1359,M,Married with children,2,Personal,40,670000
1360,M,Married with children,4,Personal,54,730000
1361,F,Married with children,4,Personal,41,560000
1362,M,Single,0,Personal,36,400000
1363,M,Married with children,2,Personal,58,530000
1364,M,Married with children,2,Personal,53,450000
1365,F,Married with children,3,Investment,59,460000
1366,M,Single,0,Personal,30,490000
1367,F,Married with children,4,Personal,51,440000
1368,M,Married with children,2,Investment,58,820000
1369,F,Married with children,3,Investment,41,450000
1370,M,Single,0,Investment,39,860000
1371,F,Married with children,2,Personal,57,360000
1372,M,Married with children,2,Personal,61,570000
1373,M,Single,0,Personal,35,690000
1374,M,Married with children,3,Personal,43,470000
1375,M,Married with children,2,Personal,43,1070000
1376,M,Married with children,3,Personal,41,350000
1377,M,Married with children,2,Investment,48,290000
1378,F,Married with children,2,Personal,41,530000
1379,M,Married with children,3,Investment,40,510000
1380,M,married without children,0,Investment,41,390000
1381,M,Married with children,4,Investment,41,550000
1382,M,Married with children,4,Personal,40,360000
1383,M,Married with children,4,Personal,47,640000
1384,F,Married with children,3,Investment,43,410000
1385,F,Married with children,4,Personal,48,800000
1386,M,Single,0,Personal,38,400000
1387,M,Married with children,3,Personal,63,1040000
1388,M,Married with children,3,Personal,63,610000
1389,M,Single,0,Investment,32,830000
1390,M,Married with children,2,Investment,65,540000
1391,M,Married with children,2,Personal,62,610000
1392,M,Married with children,4,Personal,56,810000
1393,M,Married with children,3,Personal,54,380000
1394,M,Married with children,4,Investment,50,810000
1395,M,Married with children,4,Investment,47,880000
1396,M,Married with children,3,Personal,53,920000
1397,F,Married with children,3,Investment,46,460000
1398,F,Married with children,4,Investment,62,1010000
1399,M,married without children,0,Investment,39,840000
1400,M,Married with children,2,Investment,43,320000
1401,M,Married with children,2,Investment,43,330000
1402,M,Single,0,Personal,31,870000
1403,M,Married with children,2,Personal,42,710000
1404,M,Married with children,2,Personal,46,820000
1405,F,Married with children,2,Personal,41,440000
1406,M,Married with children,2,Personal,48,540000
1407,M,Married with children,2,Investment,56,670000
1408,M,Married with children,3,Personal,54,1020000
1409,F,Married with children,4,Personal,45,480000
1410,M,married without children,0,Personal,37,850000
1411,M,Married with children,4,Investment,46,940000
1412,F,Married with children,4,Investment,64,770000
1413,M,Married with children,3,Investment,58,490000
1414,M,Married with children,3,Personal,46,660000
1415,M,Married with children,4,Investment,62,590000
1416,M,Married with children,3,Personal,54,470000
1417,M,Married with children,2,Investment,54,630000
1418,M,Married with children,4,Personal,63,600000
1419,M,married without children,0,Personal,44,330000
1420,M,Married with children,2,Personal,44,630000
1421,M,Married with children,4,Personal,52,330000
1422,M,Married with children,3,Investment,56,440000
1423,M,Married with children,2,Personal,51,490000
1424,M,Single,0,Investment,34,900000
1425,M,Married with children,2,Personal,55,490000
1426,F,Married with children,3,Personal,48,690000
1427,M,Married with children,3,Personal,63,940000
1428,F,Married with children,3,Personal,49,450000
1429,F,Married with children,2,Personal,52,610000
1430,M,Single,0,Investment,32,430000
1431,M,Married with children,2,Personal,65,570000
1432,M,Married with children,2,Personal,53,810000
1433,M,Married with children,2,Personal,61,560000
1434,M,Single,0,Personal,37,620000
1435,M,Married with children,4,Investment,45,580000
1436,M,Married with children,3,Personal,45,510000
1437,M,Married with children,3,Investment,61,1090000
1438,M,Married with children,2,Personal,62,410000
1439,M,Single,0,Personal,37,280000
1440,M,Married with children,4,Investment,53,660000
1441,M,Married with children,4,Investment,62,670000
1442,M,married without children,0,Personal,31,700000
1443,M,Married with children,4,Investment,56,1040000
1444,M,Single,0,Personal,31,960000
1445,M,Single,0,Investment,34,500000
1446,M,Married with children,3,Personal,57,360000
1447,M,Married with children,3,Personal,42,410000
1448,M,Married with children,4,Investment,49,1050000
1449,M,Married with children,3,Personal,58,820000
1450,F,Married with children,3,Personal,44,420000
1451,M,Married with children,2,Personal,40,540000
1452,M,Single,0,Investment,31,900000
1453,M,Married with children,4,Investment,49,590000
1454,M,Single,0,Personal,32,570000
1455,M,Married with children,4,Personal,54,370000
1456,F,Married with children,3,Investment,64,750000
1457,M,Married with children,2,Investment,65,590000
1458,M,Married with children,4,Personal,44,780000
1459,M,Married with children,4,Investment,61,400000
1460,M,Single,0,Investment,39,600000
1461,F,Married with children,2,Investment,57,310000
1462,M,married without children,0,Personal,37,550000
1463,M,Married with children,2,Personal,53,470000
1464,M,Married with children,4,Personal,43,600000
1465,F,Married with children,2,Personal,56,690000
1466,M,Single,0,Personal,32,560000
1467,M,Married with children,3,Personal,51,410000
1468,M,married without children,0,Personal,37,410000
1469,M,Married with children,3,Investment,42,680000
1470,M,Married with children,3,Personal,64,530000
1471,M,Single,0,Investment,34,400000
1472,M,Married with children,4,Personal,58,370000
1473,M,Married with children,4,Investment,65,330000
1474,M,Married with children,2,Personal,46,410000
1475,F,Married with children,4,Personal,62,540000
1476,M,Married with children,2,Personal,51,620000
1477,M,Married with children,2,Personal,52,940000
1478,F,Married with children,4,Personal,52,550000
1479,M,Married with children,2,Investment,45,990000
1480,M,Married with children,4,Personal,56,580000
1481,F,Married with children,2,Personal,58,550000
1482,M,Married with children,3,Investment,60,370000
1483,M,Single,0,Personal,38,930000
1484,F,married without children,0,Investment,41,810000
1485,M,Single,0,Personal,38,810000
1486,M,Married with children,3,Personal,51,640000
1487,M,married without children,0,Investment,33,420000
1488,M,Married with children,4,Personal,52,490000
1489,M,Single,0,Personal,39,660000
1490,M,Married with children,3,Investment,57,390000
1491,M,Single,0,Investment,36,270000
1492,M,Married with children,3,Investment,49,590000
1493,M,Married with children,4,Personal,63,740000
1494,F,Married with children,2,Personal,48,620000
1495,M,Married with children,3,Investment,57,680000
1496,M,Married with children,2,Investment,43,860000
1497,M,Single,0,Personal,33,890000
1498,M,Married with children,2,Investment,63,520000
1499,F,Married with children,3,Investment,49,820000
1500,M,Married with children,4,Personal,42,780000
1501,M,Single,0,Investment,30,390000
1502,M,Single,0,Personal,30,510000
1503,M,Married with children,2,Personal,64,800000
1504,M,Single,0,Investment,35,580000
1505,F,married without children,0,Personal,41,520000
1506,M,Married with children,2,Investment,61,590000
1507,M,Married with children,3,Personal,41,840000
1508,M,Married with children,2,Personal,44,1080000
1509,F,Married with children,2,Personal,64,560000
1510,M,Single,0,Investment,30,340000
1511,F,Married with children,3,Personal,60,600000
1512,M,Single,0,Personal,34,640000
1513,M,Married with children,3,Personal,42,580000
1514,M,Single,0,Personal,38,340000
1515,F,Married with children,2,Personal,60,500000
1516,M,Single,0,Personal,31,270000
1517,F,Married with children,2,Personal,48,390000
1518,F,Married with children,3,Personal,57,430000
1519,M,Married with children,3,Personal,61,570000
1520,M,Married with children,3,Investment,61,940000
1521,M,Married with children,2,Investment,45,830000
1522,M,Married with children,4,Investment,64,590000
1523,M,Married with children,4,Investment,51,540000
1524,F,Married with children,4,Personal,42,570000
1525,F,Married with children,2,Personal,56,540000
1526,M,Married with children,3,Personal,47,350000
1527,F,Married with children,3,Investment,64,600000
1528,M,Single,0,Personal,30,750000
1529,M,Married with children,3,Investment,50,470000
1530,M,Married with children,3,Investment,41,630000
1531,M,Married with children,4,Personal,65,400000
1532,M,Married with children,3,Personal,60,320000
1533,M,married without children,0,Personal,37,540000
1534,M,Married with children,3,Investment,42,290000
1535,M,married without children,0,Investment,44,330000
1536,F,Married with children,4,Personal,54,420000
1537,M,Married with children,4,Investment,51,620000
1538,M,Married with children,3,Personal,51,780000
1539,F,Married with children,2,Investment,47,460000
1540,M,Married with children,3,Personal,62,1020000
1541,M,Married with children,2,Personal,45,420000
1542,F,Married with children,2,Investment,65,560000
1543,F,Married with children,2,Personal,41,580000
1544,F,Married with children,4,Personal,47,670000
1545,M,Married with children,3,Personal,61,280000
1546,M,Married with children,2,Investment,42,280000
1547,F,Married with children,2,Investment,49,550000
1548,M,Married with children,4,Personal,43,1090000
1549,M,Single,0,Personal,31,550000
1550,F,Married with children,2,Personal,54,620000
1551,M,Married with children,2,Investment,53,900000
1552,M,Single,0,Personal,35,280000
1553,F,Married with children,2,Investment,48,510000
1554,M,Married with children,4,Personal,55,830000
1555,M,Single,0,Personal,35,600000
1556,M,Married with children,2,Personal,60,440000
1557,F,Married with children,3,Personal,54,560000
1558,M,Single,0,Personal,36,290000
1559,M,Married with children,2,Investment,52,600000
1560,M,Married with children,4,Personal,46,360000
1561,F,Married with children,3,Personal,59,740000
1562,M,Married with children,4,Personal,41,550000
1563,M,Married with children,2,Personal,45,360000
1564,M,Married with children,2,Personal,53,570000
1565,F,Married with children,4,Investment,48,930000
1566,M,Married with children,4,Personal,57,670000
1567,M,Married with children,2,Investment,48,630000
1568,M,Married with children,3,Personal,47,620000
1569,F,Married with children,4,Investment,65,500000
1570,M,Married with children,4,Investment,47,610000
1571,M,Married with children,2,Personal,62,350000
1572,M,Single,0,Investment,31,610000
1573,M,Married with children,2,Investment,65,650000
1574,F,Married with children,3,Personal,60,500000
1575,M,Single,0,Investment,36,640000
1576,F,Married with children,3,Investment,49,550000
1577,M,Married with children,2,Investment,61,840000
1578,M,Single,0,Personal,31,770000
1579,M,Single,0,Investment,36,710000
1580,F,Married with children,4,Personal,60,760000
1581,F,Married with children,2,Personal,48,420000
1582,M,Single,0,Personal,31,670000
1583,M,Married with children,4,Personal,43,790000
1584,F,Married with children,3,Personal,42,570000
1585,M,Married with children,2,Personal,65,610000
1586,M,Single,0,Personal,36,560000
1587,F,married without children,0,Personal,41,770000
1588,M,Married with children,4,Personal,54,790000
1589,M,Married with children,3,Personal,47,530000
1590,M,Single,0,Personal,36,330000
1591,M,Married with children,3,Investment,59,380000
1592,M,Married with children,2,Investment,59,1000000
1593,M,Married with children,4,Personal,41,500000
1594,M,Married with children,2,Personal,60,590000
1595,M,Married with children,2,Personal,44,650000
1596,M,Single,0,Personal,30,600000
1597,M,Married with children,2,Personal,41,590000
1598,F,Married with children,2,Personal,46,610000
1599,M,Married with children,4,Personal,52,290000
1600,M,Married with children,4,Personal,62,570000
1601,M,Married with children,3,Investment,64,710000
1602,F,Married with children,2,Investment,55,760000
1603,M,Married with children,3,Personal,46,1010000
1604,M,Married with children,2,Personal,53,270000
1605,M,Married with children,4,Personal,50,740000
1606,M,Single,0,Personal,39,410000
1607,F,Married with children,4,Personal,63,480000
1608,M,Married with children,3,Investment,63,510000
1609,F,Married with children,2,Personal,58,380000
1610,M,Single,0,Investment,35,340000
1611,M,Married with children,3,Investment,53,850000
1612,M,Married with children,4,Personal,47,800000
1613,M,married without children,0,Investment,42,540000
1614,F,Married with children,2,Investment,48,1080000
1615,M,Married with children,4,Personal,49,400000
1616,M,Married with children,2,Personal,40,670000
1617,M,Single,0,Personal,33,620000
1618,M,Married with children,4,Investment,60,530000
1619,M,Single,0,Personal,34,560000
1620,M,Single,0,Personal,37,630000
1621,F,Married with children,4,Personal,52,630000
1622,M,Married with children,3,Personal,60,880000
1623,M,Married with children,3,Investment,52,410000
1624,M,Single,0,Personal,36,330000
1625,M,Single,0,Personal,35,370000
1626,M,Married with children,4,Personal,50,360000
1627,M,Single,0,Personal,38,360000
1628,F,Married with children,3,Personal,41,780000
1629,M,Married with children,2,Personal,49,940000
1630,M,Married with children,3,Personal,41,620000
1631,M,Single,0,Investment,37,330000
1632,M,Married with children,3,Personal,59,410000
1633,M,Single,0,Personal,34,540000
1634,M,Married with children,3,Investment,50,360000
1635,M,Married with children,4,Investment,57,550000
1636,M,Single,0,Investment,31,780000
1637,M,Married with children,4,Investment,51,860000
1638,M,Married with children,3,Investment,64,910000
1639,M,Married with children,3,Personal,58,400000
1640,M,Married with children,4,Investment,60,410000
1641,F,Married with children,2,Investment,42,500000
1642,F,Married with children,4,Personal,56,1110000
1643,M,Single,0,Personal,37,360000
1644,M,Married with children,2,Investment,64,680000
1645,F,Married with children,3,Investment,59,1020000
1646,F,Married with children,3,Personal,46,630000
1647,M,Married with children,4,Personal,51,330000
1648,M,Married with children,4,Investment,63,650000
1649,M,Married with children,2,Personal,61,560000
1650,M,Single,0,Investment,33,410000
1651,M,Married with children,2,Personal,53,450000
1652,M,Single,0,Personal,36,830000
1653,M,Married with children,2,Personal,58,560000
1654,M,Married with children,2,Personal,41,490000
1655,M,Single,0,Personal,38,640000
1656,M,Married with children,2,Personal,65,520000
1657,F,Married with children,2,Personal,52,890000
1658,M,married without children,0,Personal,38,640000
1659,M,Married with children,3,Personal,40,460000
1660,F,Married with children,2,Investment,42,770000
1661,F,Married with children,3,Investment,62,970000
1662,M,Married with children,2,Personal,54,650000
1663,M,Married with children,3,Personal,58,480000
1664,M,Single,0,Personal,30,660000
1665,M,Married with children,4,Personal,55,470000
1666,M,married without children,0,Personal,30,410000
1667,F,Married with children,3,Investment,54,620000
1668,M,Single,0,Personal,37,290000
1669,F,Married with children,2,Personal,56,970000
1670,F,Married with children,2,Personal,53,300000
1671,M,Single,0,Investment,30,930000
1672,M,Married with children,4,Investment,63,820000
1673,M,Married with children,2,Personal,47,1000000
1674,M,Married with children,3,Personal,51,570000
1675,M,Married with children,4,Personal,57,360000
1676,M,Single,0,Investment,33,690000
1677,M,Married with children,2,Personal,59,590000
1678,F,Married with children,2,Personal,43,670000
1679,M,Married with children,3,Personal,42,820000
1680,M,Married with children,3,Personal,46,500000
1681,F,Married with children,4,Personal,64,420000
1682,M,Married with children,2,Personal,62,580000
1683,M,Married with children,4,Personal,58,480000
1684,M,Married with children,2,Investment,63,740000
1685,M,Married with children,2,Personal,49,510000
1686,M,Married with children,2,Investment,43,270000
1687,M,Married with children,2,Investment,49,750000
1688,M,Married with children,4,Personal,40,690000
1689,M,Married with children,3,Personal,51,480000
1690,M,Married with children,3,Investment,65,1030000
1691,M,Married with children,4,Personal,50,420000
1692,M,Single,0,Personal,33,480000
1693,M,Single,0,Personal,31,400000
1694,M,Married with children,4,Investment,49,470000
1695,M,Married with children,3,Investment,56,480000
1696,M,Single,0,Personal,38,480000
1697,M,Married with children,2,Personal,58,760000
1698,M,Married with children,3,Personal,49,540000
1699,M,Single,0,Personal,39,510000
1700,M,Married with children,3,Investment,48,500000
1701,M,Married with children,2,Personal,64,480000
1702,M,Married with children,4,Personal,52,430000
1703,F,Married with children,2,Personal,53,530000
1704,F,Married with children,2,Personal,41,1090000
1705,M,Single,0,Personal,35,460000
1706,M,Married with children,3,Personal,59,640000
1707,M,Married with children,2,Investment,41,650000
1708,M,Single,0,Personal,34,350000
1709,M,Married with children,2,Personal,41,410000
1710,F,Married with children,4,Personal,52,480000
1711,M,Married with children,2,Personal,62,500000
1712,M,Married with children,2,Personal,57,760000
1713,M,married without children,0,Investment,33,650000
1714,M,Married with children,4,Personal,42,440000
1715,M,Married with children,4,Personal,59,420000
1716,M,Married with children,2,Investment,60,470000
1717,M,Married with children,2,Personal,41,430000
1718,M,Married with children,2,Personal,65,290000
1719,M,Married with children,3,Personal,43,730000
1720,M,Married with children,3,Personal,50,620000
1721,M,Married with children,2,Personal,52,800000
1722,M,Married with children,2,Personal,46,1150000
1723,M,Married with children,4,Investment,46,690000
1724,M,Married with children,4,Personal,41,570000
1725,F,Married with children,4,Personal,60,820000
1726,M,Single,0,Personal,32,760000
1727,M,Married with children,3,Personal,46,550000
1728,F,married without children,0,Personal,44,500000
1729,M,Married with children,4,Investment,63,360000
1730,M,Married with children,3,Investment,51,540000
1731,F,Married with children,4,Personal,63,540000
1732,M,Single,0,Personal,37,350000
1733,F,married without children,0,Personal,43,670000
1734,M,married without children,0,Personal,30,400000
1735,F,Married with children,3,Personal,42,1080000
1736,M,Single,0,Personal,34,380000
1737,M,Single,0,Personal,34,410000
1738,M,Single,0,Personal,32,720000
1739,F,Married with children,3,Investment,52,460000
1740,M,Married with children,2,Investment,57,330000
1741,M,Married with children,2,Personal,48,370000
1742,M,Married with children,2,Personal,44,700000
1743,M,Married with children,4,Personal,48,570000
1744,F,Married with children,2,Personal,50,540000
1745,M,married without children,0,Personal,45,530000
1746,M,Single,0,Personal,31,620000
1747,M,Married with children,4,Investment,55,860000
1748,F,Married with children,3,Investment,56,500000
1749,M,married without children,0,Personal,30,870000
1750,M,Married with children,2,Personal,52,310000
1751,F,Married with children,2,Personal,58,490000
1752,M,Married with children,4,Personal,59,630000
1753,M,Married with children,2,Personal,45,660000
1754,M,Married with children,2,Personal,56,570000
1755,M,Married with children,2,Personal,41,590000
1756,F,Married with children,3,Personal,44,560000
1757,M,Married with children,3,Personal,45,590000
1758,M,Married with children,4,Investment,47,390000
1759,M,Married with children,4,Personal,50,470000
1760,F,Married with children,3,Personal,56,1110000
1761,M,Single,0,Personal,39,430000
1762,M,Married with children,2,Personal,55,380000
1763,F,Married with children,2,Personal,53,550000
1764,M,married without children,0,Personal,41,740000
1765,M,Married with children,2,Investment,55,600000
1766,M,Married with children,4,Personal,65,510000
1767,M,Single,0,Personal,34,800000
1768,F,Married with children,4,Personal,64,1180000
1769,M,Single,0,Personal,33,610000
1770,M,Married with children,4,Investment,40,630000
1771,M,Married with children,4,Personal,64,850000
1772,M,Married with children,2,Personal,63,500000
1773,M,Married with children,4,Investment,47,620000
1774,M,Married with children,3,Personal,50,600000
1775,M,Single,0,Personal,31,670000
1776,M,Married with children,4,Investment,52,1110000
1777,M,Married with children,3,Personal,44,460000
1778,F,Married with children,3,Personal,65,620000
1779,M,Married with children,4,Personal,59,740000
1780,F,Married with children,3,Personal,61,580000
1781,M,Married with children,4,Investment,41,520000
1782,M,Single,0,Personal,38,580000
1783,M,Married with children,4,Investment,57,550000
1784,M,Single,0,Personal,34,380000
1785,M,Single,0,Investment,32,580000
1786,F,Married with children,4,Personal,41,660000
1787,F,Married with children,3,Personal,65,310000
1788,M,Single,0,Personal,31,570000
1789,M,Single,0,Personal,36,470000
1790,F,Married with children,2,Personal,62,550000
1791,M,Married with children,4,Personal,63,540000
1792,F,Married with children,2,Personal,56,350000
1793,F,Married with children,4,Personal,47,540000
1794,M,Single,0,Personal,35,810000
1795,M,Married with children,3,Personal,46,1060000
1796,M,Single,0,Personal,34,560000
1797,M,Married with children,3,Personal,65,580000
1798,M,Married with children,3,Personal,44,730000
1799,M,Married with children,3,Personal,53,560000
1800,M,Married with children,3,Investment,65,950000
1801,M,Married with children,3,Personal,50,400000
1802,M,Married with children,2,Personal,61,630000
1803,F,Married with children,2,Personal,64,690000
1804,F,Married with children,2,Investment,52,510000
1805,M,Married with children,3,Personal,50,1040000
1806,M,Married with children,2,Investment,62,250000
1807,M,Married with children,2,Personal,61,320000
1808,M,Single,0,Investment,31,440000
1809,M,married without children,0,Personal,44,520000
1810,M,married without children,0,Investment,45,490000
1811,M,Married with children,3,Personal,65,590000
1812,M,Married with children,2,Investment,41,740000
1813,M,married without children,0,Personal,30,400000
1814,M,Married with children,2,Personal,57,970000
1815,M,Married with children,2,Investment,59,640000
1816,M,Married with children,2,Personal,41,530000
1817,F,Married with children,2,Personal,64,510000
1818,F,Married with children,4,Personal,57,580000
1819,F,Married with children,4,Personal,57,430000
1820,M,Single,0,Investment,31,680000
1821,M,Single,0,Personal,37,660000
1822,M,married without children,0,Investment,34,630000
1823,M,Married with children,3,Personal,55,840000
1824,M,Married with children,3,Personal,58,470000
1825,M,Married with children,3,Investment,41,700000
1826,M,married without children,0,Investment,33,520000
1827,M,Married with children,3,Personal,40,1110000
1828,F,Married with children,4,Personal,43,580000
1829,F,Married with children,3,Investment,58,600000
1830,M,Single,0,Personal,37,340000
1831,M,Single,0,Investment,38,540000
1832,M,Single,0,Investment,35,520000
1833,M,Married with children,4,Investment,41,500000
1834,F,Married with children,2,Personal,65,510000
1835,F,Married with children,3,Investment,61,400000
1836,M,Married with children,3,Personal,62,430000
1837,M,Married with children,4,Personal,49,480000
1838,M,Married with children,4,Investment,42,1030000
1839,M,Single,0,Personal,35,590000
1840,M,Married with children,2,Personal,49,290000
1841,M,Married with children,4,Personal,59,400000
1842,M,Married with children,4,Personal,40,340000
1843,M,Married with children,2,Investment,57,620000
1844,F,Married with children,2,Personal,58,650000
1845,M,Married with children,2,Investment,59,560000
1846,M,Single,0,Investment,39,590000
1847,M,Single,0,Personal,38,620000
1848,F,Married with children,4,Investment,49,540000
1849,M,Married with children,2,Personal,42,1010000
1850,M,Married with children,2,Investment,56,780000
1851,M,Married with children,3,Personal,40,740000
1852,M,married without children,0,Personal,40,650000
1853,M,Single,0,Investment,31,410000
1854,M,Married with children,4,Personal,52,910000
1855,M,Married with children,3,Personal,62,340000
1856,M,Married with children,4,Personal,63,520000
1857,M,Single,0,Personal,37,770000
1858,M,Married with children,2,Investment,45,690000
1859,M,Single,0,Investment,30,730000
1860,M,Single,0,Personal,38,600000
1861,M,Married with children,3,Personal,42,790000
1862,M,married without children,0,Investment,44,880000
1863,M,Single,0,Personal,38,360000
1864,M,Married with children,2,Personal,43,510000
1865,M,Single,0,Personal,32,370000
1866,M,Married with children,4,Personal,60,360000
1867,F,Married with children,2,Personal,55,370000
1868,M,Married with children,4,Personal,45,500000
1869,M,Married with children,3,Investment,48,510000
1870,F,Married with children,3,Investment,49,440000
1871,M,married without children,0,Personal,38,660000
1872,M,Married with children,3,Personal,53,580000
1873,M,Married with children,4,Personal,65,370000
1874,M,Married with children,2,Personal,40,630000
1875,M,Married with children,4,Personal,49,950000
1876,M,Married with children,3,Personal,56,720000
1877,M,Married with children,3,Personal,50,510000
1878,M,Married with children,4,Investment,40,780000
1879,M,Married with children,2,Investment,50,930000
1880,M,Married with children,3,Investment,62,940000
1881,F,married without children,0,Investment,45,430000
1882,M,Married with children,3,Personal,41,800000
1883,M,Married with children,3,Personal,56,1010000
1884,M,married without children,0,Personal,31,350000
1885,F,Married with children,2,Personal,49,660000
1886,F,Married with children,2,Personal,60,990000
1887,M,Married with children,4,Investment,47,860000
1888,M,Married with children,2,Personal,42,1020000
1889,M,Married with children,2,Personal,47,410000
1890,M,Married with children,2,Personal,65,540000
1891,F,Married with children,3,Investment,54,730000
1892,M,Single,0,Personal,32,590000
1893,F,Married with children,3,Investment,45,530000
1894,M,Single,0,Personal,36,540000
1895,M,Single,0,Personal,32,380000
1896,M,Married with children,3,Investment,40,500000
1897,M,Married with children,3,Investment,62,800000
1898,F,Married with children,2,Personal,42,960000
1899,M,Married with children,2,Personal,51,630000
1900,M,Married with children,4,Personal,41,400000
1901,F,Married with children,2,Personal,48,340000
1902,M,Single,0,Investment,32,800000
1903,M,Married with children,4,Personal,51,450000
1904,F,Married with children,4,Personal,61,740000
1905,F,Married with children,3,Personal,52,350000
1906,M,Single,0,Personal,37,740000
1907,M,Married with children,4,Personal,42,470000
1908,M,Married with children,3,Investment,62,560000
1909,M,Married with children,2,Investment,46,870000
1910,M,Married with children,3,Personal,50,570000
1911,F,Married with children,4,Personal,41,570000
1912,M,Married with children,2,Personal,57,290000
1913,F,Married with children,3,Investment,52,400000
1914,M,Married with children,4,Personal,61,320000
1915,M,Married with children,2,Personal,47,1100000
1916,M,Single,0,Personal,39,340000
1917,M,Married with children,4,Personal,40,900000
1918,F,Married with children,3,Personal,51,410000
1919,F,Married with children,3,Personal,47,570000
1920,M,Single,0,Personal,38,810000
1921,F,Married with children,2,Investment,57,380000
1922,M,Married with children,4,Personal,42,610000
1923,M,Single,0,Investment,35,390000
1924,M,Married with children,2,Investment,43,850000
1925,M,Married with children,4,Personal,45,620000
1926,M,Married with children,2,Personal,48,610000
1927,M,Married with children,2,Personal,60,960000
1928,M,Married with children,3,Personal,42,520000
1929,M,Married with children,3,Personal,44,730000
1930,M,Married with children,4,Personal,43,460000
1931,M,Single,0,Personal,31,670000
1932,M,married without children,0,Investment,45,350000
1933,M,Married with children,2,Personal,53,640000
1934,F,Married with children,3,Personal,48,630000
1935,F,Married with children,3,Investment,52,680000
1936,M,Single,0,Personal,39,430000
1937,M,Married with children,2,Personal,51,570000
1938,M,Married with children,2,Investment,60,510000
1939,M,Married with children,4,Personal,48,450000
1940,M,Married with children,2,Personal,44,600000
1941,M,Married with children,2,Personal,60,500000
1942,F,Married with children,3,Investment,41,370000
1943,M,Married with children,2,Personal,41,580000
1944,M,Married with children,3,Personal,54,640000
1945,M,Single,0,Investment,36,530000
1946,M,Single,0,Investment,35,630000
1947,F,Married with children,3,Personal,62,530000
1948,M,Married with children,4,Personal,46,630000
1949,M,Married with children,2,Investment,59,430000
1950,M,Single,0,Investment,36,520000
1951,M,Single,0,Investment,34,380000
1952,M,Married with children,4,Personal,54,660000
1953,F,Married with children,4,Personal,59,510000
1954,M,Married with children,4,Personal,62,590000
1955,M,Married with children,4,Personal,49,360000
1956,M,Married with children,4,Investment,42,860000
1957,M,Married with children,4,Investment,55,670000
1958,M,Married with children,3,Personal,40,980000
1959,M,Married with children,4,Personal,49,760000
1960,M,Single,0,Investment,33,810000
1961,M,Married with children,4,Personal,60,640000
1962,M,Married with children,4,Personal,51,380000
1963,M,Single,0,Personal,35,560000
1964,F,Married with children,3,Investment,47,890000
1965,M,Married with children,2,Personal,60,990000
1966,M,Married with children,2,Investment,46,390000
1967,M,Married with children,4,Personal,47,800000
1968,M,Married with children,2,Personal,50,420000
1969,M,Married with children,3,Personal,55,590000
1970,M,Married with children,3,Personal,51,660000
1971,M,Married with children,3,Personal,63,700000
1972,M,Married with children,3,Personal,43,850000
1973,M,Married with children,3,Personal,55,310000
1974,M,Married with children,3,Personal,61,780000
1975,M,Single,0,Personal,31,950000
1976,M,Married with children,4,Personal,54,940000
1977,M,Married with children,2,Personal,51,790000
1978,M,Single,0,Personal,36,990000
1979,F,Married with children,3,Personal,65,840000
1980,F,Married with children,2,Personal,56,480000
1981,M,Married with children,3,Personal,53,960000
1982,M,Single,0,Investment,38,490000
1983,M,Married with children,3,Investment,57,1070000
1984,M,Married with children,2,Personal,57,500000
1985,F,Married with children,3,Personal,65,620000
1986,F,Married with children,3,Personal,65,940000
1987,M,Married with children,2,Personal,59,430000
1988,F,Married with children,4,Personal,62,640000
1989,F,married without children,0,Personal,44,350000
1990,M,Single,0,Personal,33,420000
1991,M,Single,0,Investment,34,630000
1992,M,Married with children,3,Personal,40,930000
1993,M,Married with children,2,Investment,64,580000
1994,M,Married with children,2,Investment,55,320000
1995,M,Married with children,4,Personal,45,860000
1996,M,Married with children,3,Investment,46,400000
1997,M,Married with children,2,Personal,43,670000
1998,M,Married with children,3,Personal,59,270000
1999,M,Married with children,4,Personal,52,550000
